Workbook

Sheet BASE
A1: No. | B1: Chapa | C1: Nombre | D1: Telefono | E1: Tipo | F1: No. De Licencia | G1: F/V. | H1: ESTADO
A2: 1 | B2: 1032 | C2: MAZARIEGOS RODRÍGUEZ, JULIO ORLANDO | D2: 59497659 | E2: B | F2: 1617286421103 | G2: 21/10/2022 | H2: =IF(G2<TODAY(),"VENCIDA",IF(G2=TODAY(),"VENCE HOY",IF(G2>TODAY(),"VIGENTE"))) -> VIGENTE
A3: 2 | B3: 1012 | C3: ANGEL MARIO GARCIA GARCIA | D3: 40322469 | E3: B | F3: 2453754301504 | G3: 12/20/28 | H3: VIGENTE
A4: 3 | B4: 1048 | C4: MORALES ROMAN, JOSÈ ADRIÀN | D4: 47358534 | E4: B | F4: 2586358941503 | G4: 45042 | H4: =IF(G4<TODAY(),"VENCIDA",IF(G4=TODAY(),"VENCE HOY",IF(G4>TODAY(),"VIGENTE"))) -> VENCIDA
A5: 4 | B5: 3018 | C5: HERRARTE SILVA, GUSTAVO ADOLFO | D5: 55610149 | E5: B | F5: 1958102600601 | G5: 44503 | H5: =IF(G5<TODAY(),"VENCIDA",IF(G5=TODAY(),"VENCE HOY",IF(G5>TODAY(),"VIGENTE"))) -> VENCIDA
A6: 5 | B6: 3031 | C6: RAMIREZ MARROQUIN, SANTIAGO LEONIDAS | D6: 56907317 | E6: B | F6: 1639483720401 | G6: 46228 | H6: =IF(G6<TODAY(),"VENCIDA",IF(G6=TODAY(),"VENCE HOY",IF(G6>TODAY(),"VIGENTE"))) -> VIGENTE
A7: 6 | B7: 4001 | C7: AGUSTIN LOPEZ, ESTEBAN DOMINGO | D7: 58930713 | E7: A | F7: 1738111161213 | G7: 45142 | H7: =IF(G7<TODAY(),"VENCIDA",IF(G7=TODAY(),"VENCE HOY",IF(G7>TODAY(),"VIGENTE"))) -> VENCIDA
A8: 7 | B8: 4009 | C8: CISNEROS ESQUIVEL RICARDO WILFREDO | D8: 56191872 | E8: C | F8: 1996640212206 | G8: 46116 | H8: =IF(G8<TODAY(),"VENCIDA",IF(G8=TODAY(),"VENCE HOY",IF(G8>TODAY(),"VIGENTE"))) -> VIGENTE
A9: 8 | B9: 4028 | C9: LAJ TECU JUAN ANTONIO | D9: 42512233 | E9: B | F9: 2708875980502 | G9: 45610 | H9: =IF(G9<TODAY(),"VENCIDA",IF(G9=TODAY(),"VENCE HOY",IF(G9>TODAY(),"VIGENTE"))) -> VENCIDA
A10: 9 | B10: 5003 | C10: CÚMEZ CHACACH, FREDY TOMÁS | D10: 42114783 | E10: B | F10: 2627350160404 | G10: 44746 | H10: =IF(G10<TODAY(),"VENCIDA",IF(G10=TODAY(),"VENCE HOY",IF(G10>TODAY(),"VIGENTE"))) -> VENCIDA
A11: 10 | B11: 5005 | C11: CRUZ VELIZ OSMAR RAMIRO | D11: 36971442 | E11: B | F11: 2462133531603 | G11: 45515 | H11: =IF(G11<TODAY(),"VENCIDA",IF(G11=TODAY(),"VENCE HOY",IF(G11>TODAY(),"VIGENTE"))) -> VENCIDA
A12: 11 | B12: 5006 | C12: CIFUENTES CU JOSE LUIS | D12: 42046644 | E12: B | F12: 2362223921601 | G12: 44882 | H12: =IF(G12<TODAY(),"VENCIDA",IF(G12=TODAY(),"VENCE HOY",IF(G12>TODAY(),"VIGENTE"))) -> VENCIDA
A13: 12 | B13: 5037 | C13: QUICHÉ VELÁSQUEZ, BARTOLO | D13: 42489080 | E13: B | F13: 2548898910707 | G13: 45613 | H13: =IF(G13<TODAY(),"VENCIDA",IF(G13=TODAY(),"VENCE HOY",IF(G13>TODAY(),"VIGENTE"))) -> VENCIDA
A14: 13 | B14: 5041 | C14: REYES SACUL CUPERTINO | D14: 55635919 | E14: B | F14: 2395708711608 | G14: 45259 | H14: =IF(G14<TODAY(),"VENCIDA",IF(G14=TODAY(),"VENCE HOY",IF(G14>TODAY(),"VIGENTE"))) -> VENCIDA
A15: 14 | B15: 7012 | C15: DIAZ DE LEON GUSTAVO ADOLFO | D15: 44309920 | E15: B | F15: 2665443201201 | G15: 46233 | H15: =IF(G15<TODAY(),"VENCIDA",IF(G15=TODAY(),"VENCE HOY",IF(G15>TODAY(),"VIGENTE"))) -> VIGENTE
A16: 15 | B16: 7043 | C16: RAMOS ALFARO, BAYRON YOBANY | D16: 40880325 | E16: A | F16: 2213673140513 | G16: 44752 | H16: =IF(G16<TODAY(),"VENCIDA",IF(G16=TODAY(),"VENCE HOY",IF(G16>TODAY(),"VIGENTE"))) -> VENCIDA
A17: 16 | B17: 7045 | C17: RODAS CARCAMO CESAR JOAQUIN | D17: 47722394 | E17: B | F17: 1778248080612 | G17: 45154 | H17: =IF(G17<TODAY(),"VENCIDA",IF(G17=TODAY(),"VENCE HOY",IF(G17>TODAY(),"VIGENTE"))) -> VENCIDA
A18: 17 | B18: 8003 | C18: ARRIVILLAGA OLIVA, EDGAR GEOVANNI | D18: 42129500 | E18: A | F18: 2515596610201 | G18: 46197 | H18: =IF(G18<TODAY(),"VENCIDA",IF(G18=TODAY(),"VENCE HOY",IF(G18>TODAY(),"VIGENTE"))) -> VIGENTE
A19: 18 | B19: 8031 | C19: PACHECO ESCOBAR VILMA YANETH | D19: 41087698 | E19: B | F19: 2336474731901 | G19: 44929 | H19: =IF(G19<TODAY(),"VENCIDA",IF(G19=TODAY(),"VENCE HOY",IF(G19>TODAY(),"VIGENTE"))) -> VENCIDA
A20: 19 | B20: 8043 | C20: RIVAS DIAZ KENNEDY JOSUE | D20: 48792840 | E20: B | F20: 2187840741910 | G20: 45098 | H20: =IF(G20<TODAY(),"VENCIDA",IF(G20=TODAY(),"VENCE HOY",IF(G20>TODAY(),"VIGENTE"))) -> VENCIDA
A21: 20 | B21: 8044 | C21: SANTIZO PÉREZ, JUAN ANTONIO | D21: 55754536 | E21: B | F21: 2523234911105 | G21: 45950 | H21: =IF(G21<TODAY(),"VENCIDA",IF(G21=TODAY(),"VENCE HOY",IF(G21>TODAY(),"VIGENTE"))) -> VENCIDA
A22: 21 | B22: 9006 | C22: OLIVA PAIZ, UBALDO | D22: 50180472 | E22: A | F22: 1843866400201 | G22: 46678 | H22: =IF(G22<TODAY(),"VENCIDA",IF(G22=TODAY(),"VENCE HOY",IF(G22>TODAY(),"VIGENTE"))) -> VIGENTE
A23: 22 | B23: 9016 | C23: JOR MAX RUBEN DARIO | D23: 41898448 | E23: B | F23: 2369312451604 | G23: 45061 | H23: =IF(G23<TODAY(),"VENCIDA",IF(G23=TODAY(),"VENCE HOY",IF(G23>TODAY(),"VIGENTE"))) -> VENCIDA
A24: 23 | B24: 9021 | C24: PEREZ MIRANDA FELICIANO | D24: 51557307 | E24: B | F24: 1996848551204 | G24: 45452 | H24: =IF(G24<TODAY(),"VENCIDA",IF(G24=TODAY(),"VENCE HOY",IF(G24>TODAY(),"VIGENTE"))) -> VENCIDA
A25: 24 | B25: 10005 | C25: CALDERON RODRIGUEZ GERSON NOE | D25: 47243927 | E25: B | F25: 1843953720101 | G25: 44958 | H25: =IF(G25<TODAY(),"VENCIDA",IF(G25=TODAY(),"VENCE HOY",IF(G25>TODAY(),"VIGENTE"))) -> VENCIDA
A26: 25 | B26: 10006 | C26: CARRETO PEREZ WENDY YOMARA | D26: 51275611 | E26: B | F26: 2096838481212 | G26: 46492 | H26: =IF(G26<TODAY(),"VENCIDA",IF(G26=TODAY(),"VENCE HOY",IF(G26>TODAY(),"VIGENTE"))) -> VIGENTE
A27: 26 | B27: 10013 | C27: GONZALES CARDONA LUIS ALBERTO | D27: 51019019 | E27: B | F27: 2777231590101 | G27: 44975 | H27: =IF(G27<TODAY(),"VENCIDA",IF(G27=TODAY(),"VENCE HOY",IF(G27>TODAY(),"VIGENTE"))) -> VENCIDA
A28: 27 | B28: 10025 | C28: MONZON MORALES MITSIU YONATHAN | D28: 58177100 | E28: B | F28: 2060737390101 | G28: 45319 | H28: =IF(G28<TODAY(),"VENCIDA",IF(G28=TODAY(),"VENCE HOY",IF(G28>TODAY(),"VIGENTE"))) -> VENCIDA
A29: 28 | B29: 10032 | C29: RAMOS CINTO RODELFI ADELAIDO | D29: 47407808 | E29: B | F29: 1878602031202 | G29: 47124 | H29: =IF(G29<TODAY(),"VENCIDA",IF(G29=TODAY(),"VENCE HOY",IF(G29>TODAY(),"VIGENTE"))) -> VIGENTE
A30: 29 | B30: 10033 | C30: REVOLORIO REVOLORIO SILVERIO ELISEO | D30: 40645374 | E30: B | F30: 1621765700601 | G30: 45312 | H30: =IF(G30<TODAY(),"VENCIDA",IF(G30=TODAY(),"VENCE HOY",IF(G30>TODAY(),"VIGENTE"))) -> VENCIDA
A31: 30 | B31: 10034 | C31: REVOLORIO ORTIZ JHONY MARTIN | D31: 30414563 | E31: A | F31: 2632146640101 | G31: 45219 | H31: =IF(G31<TODAY(),"VENCIDA",IF(G31=TODAY(),"VENCE HOY",IF(G31>TODAY(),"VIGENTE"))) -> VENCIDA
A32: 31 | B32: 10041 | C32: VELASQUEZ PABLO TELESFORO ALBERTO | D32: 55374940 | E32: B | F32: 2363726961229 | G32: 44926 | H32: =IF(G32<TODAY(),"VENCIDA",IF(G32=TODAY(),"VENCE HOY",IF(G32>TODAY(),"VIGENTE"))) -> VENCIDA
A33: 32 | B33: 11017 | C33: GARCIA LIMA EDY REGINALDO | D33: 47557663 | E33: M | F33: 1735559500606 | G33: 44838 | H33: =IF(G33<TODAY(),"VENCIDA",IF(G33=TODAY(),"VENCE HOY",IF(G33>TODAY(),"VIGENTE"))) -> VENCIDA
A34: 33 | B34: 11018 | C34: GODINEZ VELASQUEZ KEVIN | D34: 37586334 | E34: C | F34: 1648423221202 | G34: 46225 | H34: =IF(G34<TODAY(),"VENCIDA",IF(G34=TODAY(),"VENCE HOY",IF(G34>TODAY(),"VIGENTE"))) -> VIGENTE
A35: 34 | B35: 11026 | C35: Lopez Rosales, Marco Luis | D35: 48156647 | E35: B | F35: 2093542670101 | G35: 44191 | H35: =IF(G35<TODAY(),"VENCIDA",IF(G35=TODAY(),"VENCE HOY",IF(G35>TODAY(),"VIGENTE"))) -> VENCIDA
A36: 35 | B36: 11042 | C36: Xajap Xuya, Jose Wenceslao | D36: 57124807 | E36: B | F36: 1935451600112 | G36: 44832 | H36: =IF(G36<TODAY(),"VENCIDA",IF(G36=TODAY(),"VENCE HOY",IF(G36>TODAY(),"VIGENTE"))) -> VENCIDA
A37: 36 | B37: 12014 | C37: Jimenez Cortez David Isaias | D37: 31254912 | E37: B | F37: 1925882650203 | G37: 45982 | H37: =IF(G37<TODAY(),"VENCIDA",IF(G37=TODAY(),"VENCE HOY",IF(G37>TODAY(),"VIGENTE"))) -> VENCIDA
A38: 37 | B38: 12018 | C38: Mendoza Zelada, Marvín E. | D38: 47405191 | E38: B | F38: 2335169051501 | G38: 44190 | H38: =IF(G38<TODAY(),"VENCIDA",IF(G38=TODAY(),"VENCE HOY",IF(G38>TODAY(),"VIGENTE"))) -> VENCIDA
A39: 38 | B39: 12023 | C39: MOREIRA HERNANDEZ JOSE ADEMIR | D39: 54938182 | E39: B | F39: 2111889050606 | G39: 43519 | H39: =IF(G39<TODAY(),"VENCIDA",IF(G39=TODAY(),"VENCE HOY",IF(G39>TODAY(),"VIGENTE"))) -> VENCIDA
A40: 39 | B40: 12024 | C40: Obregón Chinchilla, Jorge Luis | D40: 55138646 | E40: A | F40: 2692290000101 | G40: 44629 | H40: =IF(G40<TODAY(),"VENCIDA",IF(G40=TODAY(),"VENCE HOY",IF(G40>TODAY(),"VIGENTE"))) -> VENCIDA
A41: 40 | B41: 12026 | C41: Quiná Simon, Marvin Dinael | D41: 58551591 | E41: B | F41: 2308125890404 | G41: 42918 | H41: =IF(G41<TODAY(),"VENCIDA",IF(G41=TODAY(),"VENCE HOY",IF(G41>TODAY(),"VIGENTE"))) -> VENCIDA
A42: 41 | B42: 12031 | C42: Toj Lopez, William Edilser | D42: 57110803 | E42: B | F42: 2160248461503 | G42: 45254 | H42: =IF(G42<TODAY(),"VENCIDA",IF(G42=TODAY(),"VENCE HOY",IF(G42>TODAY(),"VIGENTE"))) -> VENCIDA
A43: 42 | B43: 13008 | C43: DUARTE ALAY ROBERTO CARLOS | D43: 55688629 | E43: M,B | F43: 2113254570101 | G43: 44950 | H43: =IF(G43<TODAY(),"VENCIDA",IF(G43=TODAY(),"VENCE HOY",IF(G43>TODAY(),"VIGENTE"))) -> VENCIDA
A44: 43 | B44: 13012 | C44: LEIVA RAMOS EVERTH LEMUEL | D44: 47070282 | E44: B,M | F44: 2105880711804 | G44: 45358 | H44: =IF(G44<TODAY(),"VENCIDA",IF(G44=TODAY(),"VENCE HOY",IF(G44>TODAY(),"VIGENTE"))) -> VENCIDA
A45: 44 | B45: 13027 | C45: Campos Retana, Aroldo Federico | D45: 46062585 | E45: C | F45: 1892900800101 | G45: 45273 | H45: =IF(G45<TODAY(),"VENCIDA",IF(G45=TODAY(),"VENCE HOY",IF(G45>TODAY(),"VIGENTE"))) -> VENCIDA
A46: 45 | B46: 14003 | C46: Argueta, Guilver Yònatan | D46: 52522812 | E46: B | F46: 2975752951101 | G46: 45391 | H46: =IF(G46<TODAY(),"VENCIDA",IF(G46=TODAY(),"VENCE HOY",IF(G46>TODAY(),"VIGENTE"))) -> VENCIDA
A47: 46 | B47: 14007 | C47: CABRERA CRUZ, BRYAN JOSE | D47: 42082318 | E47: B | F47: 2086313210207 | G47: 45243 | H47: =IF(G47<TODAY(),"VENCIDA",IF(G47=TODAY(),"VENCE HOY",IF(G47>TODAY(),"VIGENTE"))) -> VENCIDA
A48: 47 | B48: 15005 | C48: Argueta Sandoval, Delmi Odíly | D48: 37048952 | E48: C, M | F48: 16185852809018 | G48: 46449 | H48: =IF(G48<TODAY(),"VENCIDA",IF(G48=TODAY(),"VENCE HOY",IF(G48>TODAY(),"VIGENTE"))) -> VIGENTE
A49: 48 | B49: 15011 | C49: Barillas Velásquez, Jaime Bernabé | D49: 54482019 | E49: A | F49: 1915904600502 | G49: 45454 | H49: =IF(G49<TODAY(),"VENCIDA",IF(G49=TODAY(),"VENCE HOY",IF(G49>TODAY(),"VIGENTE"))) -> VENCIDA
A50: 49 | B50: 15028 | C50: Contreras Paau, Jorge Humberto | D50: 55347855 | E50: B,M | F50: 1670143311601 | G50: 46001 | H50: =IF(G50<TODAY(),"VENCIDA",IF(G50=TODAY(),"VENCE HOY",IF(G50>TODAY(),"VIGENTE"))) -> VENCIDA
A51: 50 | B51: 15030 | C51: Cortéz Cisneros,Juan Wilberto | D51: 30888181 | E51: C | F51: 1845716932206 | G51: 45119 | H51: =IF(G51<TODAY(),"VENCIDA",IF(G51=TODAY(),"VENCE HOY",IF(G51>TODAY(),"VIGENTE"))) -> VENCIDA
A52: 51 | B52: 15031 | C52: Cruz López, Estuardo | D52: 49651080 | E52: A | F52: 1749756352201 | G52: 45778 | H52: =IF(G52<TODAY(),"VENCIDA",IF(G52=TODAY(),"VENCE HOY",IF(G52>TODAY(),"VIGENTE"))) -> VENCIDA
A53: 52 | B53: 15041 | C53: Estrada Morales, Carlos Leonel | D53: 39916329 | E53: C | F53: 2564269530208 | G53: 46477 | H53: =IF(G53<TODAY(),"VENCIDA",IF(G53=TODAY(),"VENCE HOY",IF(G53>TODAY(),"VIGENTE"))) -> VIGENTE
A54: 53 | B54: 15049 | C54: García Pineda, Gelber Alexander | D54: 36860640 | E54: A | F54: 3619738612216 | G54: 45668 | H54: =IF(G54<TODAY(),"VENCIDA",IF(G54=TODAY(),"VENCE HOY",IF(G54>TODAY(),"VIGENTE"))) -> VENCIDA
A55: 54 | B55: 15050 | C55: Girón Méndez, Miguel Angel | D55: 41589261 | E55: C | F55: 2069242912201 | G55: 45126 | H55: =IF(G55<TODAY(),"VENCIDA",IF(G55=TODAY(),"VENCE HOY",IF(G55>TODAY(),"VIGENTE"))) -> VENCIDA
A56: 55 | B56: 15052 | C56: Gómez González, Wilfido Enrique | D56: 41630389 | E56: B,M | F56: 2447348010108 | G56: 45578 | H56: =IF(G56<TODAY(),"VENCIDA",IF(G56=TODAY(),"VENCE HOY",IF(G56>TODAY(),"VIGENTE"))) -> VENCIDA
A57: 56 | B57: 16065 | C57: Jimenez Gonzales Rafael Estuardo | D57: 40896679 | E57: B | F57: 1925882650203 | G57: 45982 | H57: =IF(G57<TODAY(),"VENCIDA",IF(G57=TODAY(),"VENCE HOY",IF(G57>TODAY(),"VIGENTE"))) -> VENCIDA
A58: 57 | B58: 15066 | C58: Landaverde Rodriguez Byron Fernando | D58: 30712548 | E58: C | F58: 2979069097208 | G58: 45304 | H58: =IF(G58<TODAY(),"VENCIDA",IF(G58=TODAY(),"VENCE HOY",IF(G58>TODAY(),"VIGENTE"))) -> VENCIDA
A59: 58 | B59: 15073 | C59: MANZANO PÉREZ JOSEPH ALEXANDER | D59: 58118439 | E59: B | F59: 2378008450101 | G59: 45444 | H59: =IF(G59<TODAY(),"VENCIDA",IF(G59=TODAY(),"VENCE HOY",IF(G59>TODAY(),"VIGENTE"))) -> VENCIDA
A60: 59 | B60: 15076 | C60: Martínez Herrera, Miguel Antonio | D60: 41007921 | E60: C | F60: 3428797232207 | G60: 45639 | H60: =IF(G60<TODAY(),"VENCIDA",IF(G60=TODAY(),"VENCE HOY",IF(G60>TODAY(),"VIGENTE"))) -> VENCIDA
A61: 60 | B61: 15079 | C61: Mejía Hernández, Christian Geovanni | D61: 52705742 | E61: C | F61: 1636006780101 | G61: 45188 | H61: =IF(G61<TODAY(),"VENCIDA",IF(G61=TODAY(),"VENCE HOY",IF(G61>TODAY(),"VIGENTE"))) -> VENCIDA
A62: 61 | B62: 15080 | C62: Méndez García, Wiliam Neftalí | D62: 52011184 | E62: C | F62: 2405250941320 | G62: 45021 | H62: =IF(G62<TODAY(),"VENCIDA",IF(G62=TODAY(),"VENCE HOY",IF(G62>TODAY(),"VIGENTE"))) -> VENCIDA
A63: 62 | B63: 15082 | C63: Miranda Aguilar, Esaú Emanuel | D63: 32633590 | E63: B | F63: 2121065891213 | G63: 45046 | H63: =IF(G63<TODAY(),"VENCIDA",IF(G63=TODAY(),"VENCE HOY",IF(G63>TODAY(),"VIGENTE"))) -> VENCIDA
A64: 63 | B64: 15083 | C64: Miranda Barrios, Lester Waldemar | D64: 54361900 | E64: B,M | F64: 2299238790101 | G64: 45174 | H64: =IF(G64<TODAY(),"VENCIDA",IF(G64=TODAY(),"VENCE HOY",IF(G64>TODAY(),"VIGENTE"))) -> VENCIDA
A65: 64 | B65: 15086 | C65: MONTERROSO ARGUETA EDWIN RODOLFO | D65: 54544144 | E65: B,M | F65: 2571083190503 | G65: 45270 | H65: =IF(G65<TODAY(),"VENCIDA",IF(G65=TODAY(),"VENCE HOY",IF(G65>TODAY(),"VIGENTE"))) -> VENCIDA
A66: 65 | B66: 15088 | C66: Morales Barrientos, Manglio Estiward | D66: 32457021 | E66: M,C | F66: 2762612910204 | G66: 45086 | H66: =IF(G66<TODAY(),"VENCIDA",IF(G66=TODAY(),"VENCE HOY",IF(G66>TODAY(),"VIGENTE"))) -> VENCIDA
A67: 66 | B67: 15091 | C67: Morales Lemus, Héctor Adulfo | D67: 47504407 | E67: C | F67: 2548364022217 | G67: 45311 | H67: =IF(G67<TODAY(),"VENCIDA",IF(G67=TODAY(),"VENCE HOY",IF(G67>TODAY(),"VIGENTE"))) -> VENCIDA
A68: 67 | B68: 15094 | C68: Morán López, Jayme Josue. | D68: 56347517 | E68: C | F68: 2984424690606 | G68: 45409 | H68: =IF(G68<TODAY(),"VENCIDA",IF(G68=TODAY(),"VENCE HOY",IF(G68>TODAY(),"VIGENTE"))) -> VENCIDA
A69: 68 | B69: 15095 | C69: NÁJERA MORALES EDVIN ANTONIO | D69: 58746568 | E69: B | F69: 2328613821903 | G69: 46332 | H69: =IF(G69<TODAY(),"VENCIDA",IF(G69=TODAY(),"VENCE HOY",IF(G69>TODAY(),"VIGENTE"))) -> VIGENTE
A70: 69 | B70: 15097 | C70: Ortíz Catalán, Augusto | D70: 47284594 | E70: B,M | F70: 3029473610107 | G70: 45242 | H70: =IF(G70<TODAY(),"VENCIDA",IF(G70=TODAY(),"VENCE HOY",IF(G70>TODAY(),"VIGENTE"))) -> VENCIDA
A71: 70 | B71: 15098 | C71: Palencia Morales, Anderson Brenner | D71: 59755042 | E71: B, M | F71: 1957046140204 | G71: 45940 | H71: =IF(G71<TODAY(),"VENCIDA",IF(G71=TODAY(),"VENCE HOY",IF(G71>TODAY(),"VIGENTE"))) -> VENCIDA
A72: 71 | B72: 15100 | C72: Pérez Asencio, Ronal Orlando | D72: 54238581 | E72: C | F72: 3497314382212 | G72: 46097 | H72: =IF(G72<TODAY(),"VENCIDA",IF(G72=TODAY(),"VENCE HOY",IF(G72>TODAY(),"VIGENTE"))) -> VIGENTE
A73: 72 | B73: 15102 | C73: Pérez Morales, Anibal Eliandro | D73: 47313823 | E73: C | F73: 3124534690415 | G73: 46526 | H73: =IF(G73<TODAY(),"VENCIDA",IF(G73=TODAY(),"VENCE HOY",IF(G73>TODAY(),"VIGENTE"))) -> VIGENTE
A74: 73 | B74: 15103 | C74: Pérez Pérez, José Emedardo | D74: 35775012 | E74: C | F74: 3547543781805 | G74: 46449 | H74: =IF(G74<TODAY(),"VENCIDA",IF(G74=TODAY(),"VENCE HOY",IF(G74>TODAY(),"VIGENTE"))) -> VIGENTE
A75: 74 | B75: 15106 | C75: PINEDA OSORIO, BRYAN ALEXANDER | D75: 31248153 | E75: B,M | F75: 2794621821908 | G75: 45834 | H75: =IF(G75<TODAY(),"VENCIDA",IF(G75=TODAY(),"VENCE HOY",IF(G75>TODAY(),"VIGENTE"))) -> VENCIDA
A76: 75 | B76: 15109 | C76: Quinteros Del Cid, Ervin Edgardo | D76: 59393778 | E76: C | F76: 2323124510606 | G76: 45118 | H76: =IF(G76<TODAY(),"VENCIDA",IF(G76=TODAY(),"VENCE HOY",IF(G76>TODAY(),"VIGENTE"))) -> VENCIDA
A77: 76 | B77: 15116 | C77: Rivas Regalado, Carlos Dagoberto | D77: 50087668 | E77: C | F77: 2588159302207 | G77: 44181 | H77: =IF(G77<TODAY(),"VENCIDA",IF(G77=TODAY(),"VENCE HOY",IF(G77>TODAY(),"VIGENTE"))) -> VENCIDA
A78: 77 | B78: 15123 | C78: Ruíz Ruíz, José Fabricio Alizardy | D78: 58720592 | E78: C | F78: 1848405110204 | G78: 44656 | H78: =IF(G78<TODAY(),"VENCIDA",IF(G78=TODAY(),"VENCE HOY",IF(G78>TODAY(),"VIGENTE"))) -> VENCIDA
A79: 78 | B79: 15124 | C79: Salazar Gutiérrez, Angel José | D79: 30329199 | E79: M,B | F79: 2131792530204 | G79: 45090 | H79: =IF(G79<TODAY(),"VENCIDA",IF(G79=TODAY(),"VENCE HOY",IF(G79>TODAY(),"VIGENTE"))) -> VENCIDA
A80: 79 | B80: 15125 | C80: Samayoa Dubón, Cristian Omar | D80: 32159513 | E80: C | F80: 2920776880614 | G80: 43860 | H80: =IF(G80<TODAY(),"VENCIDA",IF(G80=TODAY(),"VENCE HOY",IF(G80>TODAY(),"VIGENTE"))) -> VENCIDA
A81: 80 | B81: 15129 | C81: Santos Pérez, William Michael | D81: 48668437 | E81: A y M | F81: 1923603101507 | G81: 47192 | H81: =IF(G81<TODAY(),"VENCIDA",IF(G81=TODAY(),"VENCE HOY",IF(G81>TODAY(),"VIGENTE"))) -> VIGENTE | I81: 45731
A82: 81 | B82: 15131 | C82: Sióc Ortíz, Marvyn Gundemaro | D82: 55880024 | E82: M,B | F82: 1716248741008 | G82: 45216 | H82: =IF(G82<TODAY(),"VENCIDA",IF(G82=TODAY(),"VENCE HOY",IF(G82>TODAY(),"VIGENTE"))) -> VENCIDA
A83: 82 | B83: 15134 | C83: Valdez Martínez, Cristopher Obed | D83: 42579200 | E83: C | F83: 3053449430204 | G83: 45532 | H83: =IF(G83<TODAY(),"VENCIDA",IF(G83=TODAY(),"VENCE HOY",IF(G83>TODAY(),"VIGENTE"))) -> VENCIDA
A84: 83 | B84: 15137 | C84: Velásquez Escobar, Roger Wilfredo | D84: 51299283 | E84: M | F84: 2929385431101 | G84: 45479 | H84: =IF(G84<TODAY(),"VENCIDA",IF(G84=TODAY(),"VENCE HOY",IF(G84>TODAY(),"VIGENTE"))) -> VENCIDA
A85: 84 | B85: 15138 | C85: Yoc Elel, Edson Ernesto | D85: 46010605 | E85: C, M | F85: 2464176250401 | G85: 46416 | H85: =IF(G85<TODAY(),"VENCIDA",IF(G85=TODAY(),"VENCE HOY",IF(G85>TODAY(),"VIGENTE"))) -> VIGENTE
A86: 85 | B86: 15139 | C86: ZUÑIGA FERNÁNDEZ GERMAN DANILO | D86: 53037204 | E86: C | F86: 1958833142207 | G86: 44150 | H86: =IF(G86<TODAY(),"VENCIDA",IF(G86=TODAY(),"VENCE HOY",IF(G86>TODAY(),"VIGENTE"))) -> VENCIDA
A87: 86 | B87: 1016 | C87: EDNA MELISA MARCHORRO PAIZ | D87: 50196758 | H87: =IF(G87<TODAY(),"VENCIDA",IF(G87=TODAY(),"VENCE HOY",IF(G87>TODAY(),"VIGENTE"))) -> VENCIDA
A88: 87 | B88: 16001 | C88: Adquí López Arly Paola | D88: 48443763 | E88: C | F88: 3151216021501 | G88: 45929 | H88: =IF(G88<TODAY(),"VENCIDA",IF(G88=TODAY(),"VENCE HOY",IF(G88>TODAY(),"VIGENTE"))) -> VENCIDA
A89: 88 | B89: 16008 | C89: Belloso Peñate karen Jeannette | D89: 47898728 | E89: c | F89: 1679724132208 | H89: =IF(G89<TODAY(),"VENCIDA",IF(G89=TODAY(),"VENCE HOY",IF(G89>TODAY(),"VIGENTE"))) -> VENCIDA
A90: 89 | B90: 16013 | C90: Calderón Hector Oswaldo | D90: 48358417 | E90: C | F90: 3428736952207 | G90: 45614 | H90: =IF(G90<TODAY(),"VENCIDA",IF(G90=TODAY(),"VENCE HOY",IF(G90>TODAY(),"VIGENTE"))) -> VENCIDA
A91: 90 | B91: 16014 | C91: Calderón López Clara Luz | D91: 30128498 | E91: C | F91: 2637906301908 | G91: 45280 | H91: =IF(G91<TODAY(),"VENCIDA",IF(G91=TODAY(),"VENCE HOY",IF(G91>TODAY(),"VIGENTE"))) -> VENCIDA
A92: 91 | B92: 16016 | C92: Cano Boteo Irrael | D92: 55441699 | E92: B | F92: 1741669232216 | G92: 45031 | H92: =IF(G92<TODAY(),"VENCIDA",IF(G92=TODAY(),"VENCE HOY",IF(G92>TODAY(),"VIGENTE"))) -> VENCIDA
A93: 92 | B93: 16020 | C93: Castañon Rodríguez Estuardo Odely | D93: 56925077 | E93: C | F93: 3125546131215 | G93: 44780 | H93: =IF(G93<TODAY(),"VENCIDA",IF(G93=TODAY(),"VENCE HOY",IF(G93>TODAY(),"VIGENTE"))) -> VENCIDA
A94: 93 | B94: 16032 | C94: Chiroy Revolorio Kerlin Arturo | D94: 55449389 | E94: C | F94: 2109668791601 | G94: 45797 | H94: =IF(G94<TODAY(),"VENCIDA",IF(G94=TODAY(),"VENCE HOY",IF(G94>TODAY(),"VIGENTE"))) -> VENCIDA
A95: 94 | B95: 16053 | C95: Escobar Hernández Yeison Humberto | D95: 42613063 | E95: C | F95: 2815750880101 | G95: 45418 | H95: =IF(G95<TODAY(),"VENCIDA",IF(G95=TODAY(),"VENCE HOY",IF(G95>TODAY(),"VIGENTE"))) -> VENCIDA
A96: 95 | B96: 16064 | C96: García Ramirez Elder Alfredo | D96: 58215477 | E96: C | F96: 3081677670607 | G96: 45752 | H96: =IF(G96<TODAY(),"VENCIDA",IF(G96=TODAY(),"VENCE HOY",IF(G96>TODAY(),"VIGENTE"))) -> VENCIDA
A97: 96 | B97: 16067 | C97: Gómez Elvira José Fernando | D97: 33021341 | E97: C | F97: 269316570101 | G97: 45758 | H97: =IF(G97<TODAY(),"VENCIDA",IF(G97=TODAY(),"VENCE HOY",IF(G97>TODAY(),"VIGENTE"))) -> VENCIDA
A98: 97 | B98: 16075 | C98: Hernández Barrera Rufino Dagoberto | D98: 47101462 | E98: B | F98: 1819033502212 | G98: 45586 | H98: =IF(G98<TODAY(),"VENCIDA",IF(G98=TODAY(),"VENCE HOY",IF(G98>TODAY(),"VIGENTE"))) -> VENCIDA
A99: 98 | B99: 16076 | C99: Hernández Castañeda Mario José | D99: 51672492 | E99: C | F99: 3370234251910 | G99: 45227 | H99: =IF(G99<TODAY(),"VENCIDA",IF(G99=TODAY(),"VENCE HOY",IF(G99>TODAY(),"VIGENTE"))) -> VENCIDA
A100: 99 | B100: 16077 | C100: Hernández Cotill Abner Misael | D100: 51154302 | E100: C | F100: 2137209571010 | G100: 44776 | H100: =IF(G100<TODAY(),"VENCIDA",IF(G100=TODAY(),"VENCE HOY",IF(G100>TODAY(),"VIGENTE"))) -> VENCIDA
...

Sheet GRUPO NO 1
A1: ESTADO DE FUERZA GRUPO NO. 1
A2: NO. | B2: NOMBRE | C2: CHAPA | D2: RANGO | E2: SEDE/DEPTO. | F2: GENERO | G2: RENGLON | H2: ESTADO
A3: 1 | B3: =VLOOKUP(C3,[1]NOMINA!$B$2:$G$27555,2,0) -> HERRARTE SILVA, GUSTAVO ADOLFO | C3: 3018 | D3: BV | E3: SEDE CENTRAL | F3: MASCULINO | G3: *011 | H3: ACTIVO
A4: 2 | B4: =VLOOKUP(C4,BASE!$B$2:$G$275548,2,0) -> SALAZAR PORTILLO, PEDRO ANTONIO | C4: 4046 | D4: BV | E4: SEDE CENTRAL | F4: MASCULINO | G4: *029 | H4: ACTIVO
A5: 3 | B5: =VLOOKUP(C5,BASE!$B$2:$G$27558,2,0) -> TORRES GALVAN LUIS FERNANDO | C5: 11040 | D5: BV | E5: SEDE CENTRAL | F5: MASCULINO | G5: *011 | H5: ACTIVO
A6: 4 | B6: =VLOOKUP(C6,[1]NOMINA!$B$2:$G$27555,2,0) -> Fajardo Rodas, Elmer Antonio | C6: 4015 | D6: BRIGADIER II | E6: SEDE CENTRAL | F6: MASCULINO | G6: *011 | H6: ACTIVO
A7: 5 | B7: =VLOOKUP(C7,[1]NOMINA!$B$2:$G$27555,2,0) -> Albisures García, Juan Carlos | C7: 11002 | D7: BRIGADIER | E7: SEDE CENTRAL | F7: MASCULINO | G7: *011 | H7: ACTIVO
A8: 6 | B8: =VLOOKUP(C8,[1]NOMINA!$B$2:$G$27555,2,0) -> Arana Franco, Wagner Danuvy | C8: 11004 | D8: BRIGADIER | E8: SEDE CENTRAL | F8: MASCULINO | G8: *011 | H8: ACTIVO
A9: 7 | B9: =VLOOKUP(C9,[1]NOMINA!$B$2:$G$27555,2,0) -> Garcia Lima, Edy Reginaldo | C9: 11017 | D9: BRIGADIER | E9: SEDE CENTRAL | F9: MASCULINO | G9: *029 | H9: ACTIVO
A10: 8 | B10: =VLOOKUP(C10,[1]NOMINA!$B$2:$G$27555,2,0) -> Atz Argueta, Jose Vicente | C10: 11006 | D10: BIII | E10: SEDE CENTRAL | F10: MASCULINO | G10: *011 | H10: ACTIVO
A11: 9 | B11: =VLOOKUP(C11,[1]NOMINA!$B$2:$G$27555,2,0) -> Carias Zuñiga, Walfre Oswaldo | C11: 12003 | D11: BIII | E11: SEDE CENTRAL | F11: MASCULINO | G11: *011 | H11: ACTIVO
A12: 10 | B12: =VLOOKUP(C12,[1]NOMINA!$B$2:$G$27555,2,0) -> Mendoza Zelada, Marvín Emanuel | C12: 12018 | D12: BIII | E12: SEDE CENTRAL | F12: MASCULINO | G12: *011 | H12: ACTIVO
A13: 11 | B13: =VLOOKUP(C13,[1]NOMINA!$B$2:$G$27555,2,0) -> Obregón Chinchilla, Jorge Luis | C13: 12024 | D13: BIII | E13: SEDE CENTRAL | F13: MASCULINO | G13: *011 | H13: ACTIVO
A14: 12 | B14: =VLOOKUP(C14,[1]NOMINA!$B$2:$G$27555,2,0) -> Orellana González, Leonel Enrique | C14: 15096 | D14: BIII | E14: SEDE CENTRAL | F14: MASCULINO | G14: *029 | H14: ACTIVO
A15: 13 | B15: =VLOOKUP(C15,[1]NOMINA!$B$2:$G$27555,2,0) -> De Leon Roldan, Marcos Roberto | C15: 7010 | D15: BII | E15: SEDE CENTRAL | F15: MASCULINO | G15: *029 | H15: ACTIVO
A16: 14 | B16: =VLOOKUP(C16,BASE!$B$2:$G$275548,2,0) -> DUARTE ALAY ROBERTO CARLOS | C16: 13008 | D16: BII | E16: SEDE CENTRAL | F16: MASCULINO | G16: *029 | H16: ACTIVO
A17: 15 | B17: =VLOOKUP(C17,[1]NOMINA!$B$2:$G$27555,2,0) -> Barrera Rodríguez, Félix Daniel | C17: 15012 | D17: BII | E17: SEDE CENTRAL | F17: MASCULINO | G17: *029 | H17: ACTIVO
A18: 16 | B18: =VLOOKUP(C18,[1]NOMINA!$B$2:$G$27555,2,0) -> Martinez Anavisca, William Estuardo | C18: 14015 | D18: BI | E18: SEDE CENTRAL | F18: MASCULINO | G18: *029 | H18: ACTIVO
A19: 17 | B19: =VLOOKUP(C19,BASE!$B$2:$G$27558,2,0) -> Cabrera Suchite, Kleiver Josué | C19: 15017 | D19: BI | E19: SEDE CENTRAL | F19: MASCULINO | G19: *029 | H19: ACTIVO
A20: 18 | B20: =VLOOKUP(C20,[1]NOMINA!$B$2:$G$27555,2,0) -> Colop Xec, Abelardo Abigaíl | C20: 15027 | D20: BI | E20: SEDE CENTRAL | F20: MASCULINO | G20: *029 | H20: ACTIVO
A21: 19 | B21: =VLOOKUP(C21,[1]NOMINA!$B$2:$G$27555,2,0) -> Pérez Pérez, José Emedardo | C21: 15103 | D21: BI | E21: SEDE CENTRAL | F21: MASCULINO | G21: *029 | H21: ACTIVO
A22: 20 | B22: =VLOOKUP(C22,BASE!$B$2:$G$27558,2,0) -> Cortéz Menéndez, Oscar Anibal | C22: 16040 | D22: BI | E22: SEDE CENTRAL | F22: MASCULINO | G22: *029 | H22: ACTIVO
A23: 21 | B23: =VLOOKUP(C23,[1]NOMINA!$B$2:$G$27555,2,0) -> Vasquez Rivera, Luis Miguel | C23: 13037 | D23: BRIGADA | E23: SEDE CENTRAL | F23: MASCULINO | G23: *029 | H23: ACTIVO
A24: 22 | B24: =VLOOKUP(C24,[1]NOMINA!$B$2:$G$27555,2,0) -> Cermeño Barahona, Wilsson Israel | C24: 15021 | D24: BRIGADA | E24: SEDE CENTRAL | F24: MASCULINO | G24: *029 | H24: ACTIVO
A25: 23 | B25: =VLOOKUP(C25,[1]NOMINA!$B$2:$G$27555,2,0) -> Cermeño Barrios, Edgar Alfonso | C25: 15022 | D25: BRIGADA | E25: SEDE CENTRAL | F25: MASCULINO | G25: *029 | H25: ACTIVO
A26: 24 | B26: =VLOOKUP(C26,[1]NOMINA!$B$2:$G$27555,2,0) -> Chinchilla Valenzuela, Kevin Estuardo | C26: 15024 | D26: BRIGADA | E26: SEDE CENTRAL | F26: MASCULINO | G26: *029 | H26: ACTIVO
A27: 25 | B27: =VLOOKUP(C27,[1]NOMINA!$B$2:$G$27555,2,0) -> Donis Ortíz, Marco Tulio | C27: 15036 | D27: BRIGADA | E27: SEDE CENTRAL | F27: MASCULINO | G27: *029 | H27: ACTIVO
A28: 26 | B28: =VLOOKUP(C28,[1]NOMINA!$B$2:$G$27555,2,0) -> Gómez Aceytuno, Manuel Estuardo | C28: 15051 | D28: BRIGADA | E28: SEDE CENTRAL | F28: MASCULINO | G28: *029 | H28: ACTIVO
A29: 27 | B29: =VLOOKUP(C29,[1]NOMINA!$B$2:$G$27555,2,0) -> Hernández Fajardo, Rufino David | C29: 15062 | D29: BRIGADA | E29: SEDE CENTRAL | F29: MASCULINO | G29: *029 | H29: ACTIVO
A30: 28 | B30: =VLOOKUP(C30,[1]NOMINA!$B$2:$G$27555,2,0) -> Corado Corado, Jerzon Anibal | C30: 16036 | D30: BRIGADA | E30: SEDE CENTRAL | F30: MASCULINO | G30: *029 | H30: ACTIVO
A31: 29 | B31: =VLOOKUP(C31,[1]NOMINA!$B$2:$G$27555,2,0) -> Escobar Beltrán, Marlon Geobany | C31: 16048 | D31: BRIGADA | E31: SEDE CENTRAL | F31: MASCULINO | G31: *029 | H31: ACTIVO
A32: 30 | B32: =VLOOKUP(C32,[1]NOMINA!$B$2:$G$27555,2,0) -> Marroquin Argueta, Esleyder Antonio | C32: 16095 | D32: BRIGADA | E32: SEDE CENTRAL | F32: MASCULINO | G32: *029 | H32: ACTIVO
A33: 31 | B33: =VLOOKUP(C33,BASE!$B$2:$G$27558,2,0) -> Morán Cazún, Mynor Armando | C33: 16107 | D33: BRIGADA | E33: SEDE CENTRAL | F33: MASCULINO | G33: *029 | H33: ACTIVO
A34: 32 | B34: =VLOOKUP(C34,[1]NOMINA!$B$2:$G$27555,2,0) -> Zepeda Chavez, Axel Ariel | C34: 16157 | D34: BRIGADA | E34: SEDE CENTRAL | F34: MASCULINO | G34: *029 | H34: ACTIVO
A35: 33 | B35: =VLOOKUP(C35,[1]NOMINA!$B$2:$G$27555,2,0) -> Peñate Moran, Ana Mary | C35: 17010 | D35: BRIGADA | E35: SEDE CENTRAL | F35: FEMENINO | G35: *029 | H35: ACTIVO
A36: 34 | B36: =VLOOKUP(C36,[1]NOMINA!$B$2:$G$27555,2,0) -> Ortiz Catalán, Geovanni José Maria | C36: 17039 | D36: BRIGADA | E36: SEDE CENTRAL | F36: MASCULINO | G36: *029 | H36: ACTIVO
A37: 35 | B37: =VLOOKUP(C37,[1]NOMINA!$B$2:$G$27555,2,0) -> Santiago Sánchez, Joel Antonio | C37: 17048 | D37: BRIGADA | E37: SEDE CENTRAL | F37: MASCULINO | G37: *029 | H37: ACTIVO
A38: 36 | B38: =VLOOKUP(C38,[1]NOMINA!$B$2:$G$27555,2,0) -> Campos González, Rony Emilio | C38: 18010 | D38: BRIGADA | E38: SEDE CENTRAL | F38: MASCULINO | G38: *029 | H38: ACTIVO
A39: 37 | B39: =VLOOKUP(C39,[1]NOMINA!$B$2:$G$27555,2,0) -> Castillo Herrera, Dony Isidro | C39: 18012 | D39: BRIGADA | E39: SEDE CENTRAL | F39: MASCULINO | G39: *029 | H39: ACTIVO
A40: 38 | B40: =VLOOKUP(C40,[1]NOMINA!$B$2:$G$27555,2,0) -> Figueroa Moran, Edwin Alexander | C40: 18024 | D40: BRIGADA | E40: SEDE CENTRAL | F40: MASCULINO | G40: *029 | H40: ACTIVO
A41: 39 | B41: =VLOOKUP(C41,[1]NOMINA!$B$2:$G$27555,2,0) -> Hernández Castillo, Ahiderson André | C41: 18030 | D41: BRIGADA | E41: SEDE CENTRAL | F41: MASCULINO | G41: *029 | H41: ACTIVO
A42: 40 | B42: =VLOOKUP(C42,[1]NOMINA!$B$2:$G$27555,2,0) -> Pérez Osorio, Rudy Osmín | C42: 18042 | D42: BRIGADA | E42: SEDE CENTRAL | F42: MASCULINO | G42: *029 | H42: ACTIVO
A43: 41 | B43: =VLOOKUP(C43,[1]NOMINA!$B$2:$G$27555,2,0) -> Arana Martínez, Pedro Alberto | C43: 19008 | D43: BRIGADA | E43: SEDE CENTRAL | F43: MASCULINO | G43: *029 | H43: ACTIVO
A44: 42 | B44: =VLOOKUP(C44,[1]NOMINA!$B$2:$G$27555,2,0) -> Batres Hernández, Denilson Ottoniel | C44: 19015 | D44: BRIGADA | E44: SEDE CENTRAL | F44: MASCULINO | G44: *029 | H44: ACTIVO
A45: 43 | B45: =VLOOKUP(C45,[1]NOMINA!$B$2:$G$27555,2,0) -> Cabrera Alfaro, Carlos Alfonso | C45: 19016 | D45: BRIGADA | E45: SEDE CENTRAL | F45: MASCULINO | G45: *029 | H45: ACTIVO
... A66: 64 | B66: =VLOOKUP(C66,[1]NOMINA!$B$2:$G$27555,2,0) -> Willian Estuardo, Najarro Osorio | C66: 19111 | D66: BRIGADA | E66: SEDE CENTRAL | F66: MASCULINO | G66: *029 | H66: ACTIVO
A67: 65 | B67: Ramirez Santos Willian Estuardo | C67: 19133 | D67: BRIGADA | E67: SEDE CENTRAL | F67: MASCULINO | G67: *029 | H67: ACTIVO
A68: 66 | B68: =VLOOKUP(C68,[1]NOMINA!$B$2:$G$27555,2,0) -> Vásquez Domínguez, Manolo Exzequiel | C68: 19162 | D68: BRIGADA | E68: SEDE CENTRAL | F68: MASCULINO | G68: *029 | H68: ACTIVO
A69: 67 | B69: =VLOOKUP(C69,[1]NOMINA!$B$2:$G$27555,2,0) -> Vásquez Gonzalez, Edilson Romario | C69: 19163 | D69: BRIGADA | E69: SEDE CENTRAL | F69: MASCULINO | G69: *029 | H69: ACTIVO
A70: 68 | B70: =VLOOKUP(C70,[1]NOMINA!$B$2:$G$27555,2,0) -> Xoná Ajanel, Darwin Abelino | C70: 19170 | D70: BRIGADA | E70: SEDE CENTRAL | F70: MASCULINO | G70: *029 | H70: ACTIVO
A71: 69 | B71: =VLOOKUP(C71,[1]NOMINA!$B$2:$G$27555,2,0) -> Zamora Cabrera, José Luis | C71: 19171 | D71: BRIGADA | E71: SEDE CENTRAL | F71: MASCULINO | G71: *029 | H71: ACTIVO
A72: 70 | B72: =VLOOKUP(C72,[1]NOMINA!$B$2:$G$27555,2,0) -> Quiñonez Hernandez, Edwing Orlando | C72: 9005 | D72: BRIGADIER IV | E72: COP | F72: MASCULINO | G72: *011 | H72: ACTIVO
A73: 71 | B73: =VLOOKUP(C73,[1]NOMINA!$B$2:$G$27555,2,0) -> Quiná Simon, Marvin Dinael | C73: 12026 | D73: BRIGADIER | E73: COP | F73: MASCULINO | G73: *011 | H73: ACTIVO
A74: 72 | B74: =VLOOKUP(C74,[1]NOMINA!$B$2:$G$27555,2,0) -> Juarez Sanchez, Edwin Antonio | C74: 11024 | D74: BIII | E74: COP | F74: MASCULINO | G74: *011 | H74: ACTIVO
A75: 73 | B75: =VLOOKUP(C75,[1]NOMINA!$B$2:$G$27555,2,0) -> Morataya Rosales, Gloria Lizeth | C75: 12022 | D75: BII | E75: COP | F75: FEMENINO | G75: *011 | H75: ACTIVO
A76: 74 | B76: =VLOOKUP(C76,[1]NOMINA!$B$2:$G$27555,2,0) -> Gomez Ramirez, Samy Renato | C76: 17004 | D76: BII | E76: COP | F76: MASCULINO | G76: *029 | H76: ACTIVO
A77: 75 | B77: =VLOOKUP(C77,[1]NOMINA!$B$2:$G$27555,2,0) -> Belloso Peñate Karen Jeannette | C77: 16008 | D77: BI | E77: COP | F77: FEMENINO | G77: *029 | H77: ACTIVO
A78: 76 | B78: =VLOOKUP(C78,[1]NOMINA!$B$2:$G$27555,2,0) -> Menchú Anavisca, Hilmy Julissa | C78: 16100 | D78: BRIGADA | E78: COP | F78: FEMENINO | G78: *029 | H78: ACTIVO
A79: 77 | B79: =VLOOKUP(C79,[1]NOMINA!$B$2:$G$27555,2,0) -> Florián Morán, Luis Fernando | C79: 16057 | D79: BRIGADA | E79: COP | F79: MASCULINO | G79: *029 | H79: ACTIVO
A80: 78 | B80: =VLOOKUP(C80,BASE!$B$2:$G$275548,2,0) -> Jimenez Castillo Erick Geovanny | C80: 17027 | D80: BRIGADA | E80: COP | F80: MASCULINO | G80: *029 | H80: ACTIVO
A81: 79 | B81: =VLOOKUP(C81,[1]NOMINA!$B$2:$G$27555,2,0) -> Chapas Gonzáles, Catherin Yanira | C81: 18013 | D81: BRIGADA | E81: COP | F81: FEMENINO | G81: *029 | H81: ACTIVO
A82: 80 | B82: =VLOOKUP(C82,[1]NOMINA!$B$2:$G$27555,2,0) -> Jorge López, Kimberly Alejandra | C82: 18032 | D82: BRIGADA | E82: COP | F82: FEMENINO | G82: *029 | H82: ACTIVO
A83: 81 | B83: =VLOOKUP(C83,[1]NOMINA!$B$2:$G$27555,2,0) -> Corado Morán, Edgar Antonio | C83: 19031 | D83: BRIGADA | E83: COP | F83: MASCULINO | G83: *029 | H83: ACTIVO
A84: 82 | B84: =VLOOKUP(C84,[1]NOMINA!$B$2:$G$27555,2,0) -> Franco Herrera, Alma Yaneth | C84: 19048 | D84: BRIGADA | E84: COP | F84: FEMENINO | G84: *029 | H84: ACTIVO
A85: 83 | B85: =VLOOKUP(C85,[1]NOMINA!$B$2:$G$27555,2,0) -> Latin Bernal, Sandy Esperanza | C85: 19084 | D85: BRIGADA | E85: COP | F85: FEMENINO | G85: *029 | H85: ACTIVO
A86: 84 | B86: =VLOOKUP(C86,[1]NOMINA!$B$2:$G$27555,2,0) -> González Alvarado, Lestid Eliazar | C86: 19068 | D86: BRIGADA | E86: COP | F86: MASCULINO | G86: *029 | H86: ACTIVO
A87: 85 | B87: =VLOOKUP(C87,[1]NOMINA!$B$2:$G$27555,2,0) -> Lopez Jimenez, Jesfri Omar | C87: 19091 | D87: BRIGADA | E87: COP | F87: MASCULINO | G87: *029 | H87: ACTIVO
A88: 86 | B88: =VLOOKUP(C88,[1]NOMINA!$B$2:$G$27555,2,0) -> Maroquin Orozco, Iris Madai | C88: 19100 | D88: BRIGADA | E88: COP | F88: FEMENINO | G88: *029 | H88: ACTIVO
A89: 87 | B89: =VLOOKUP(C89,[1]NOMINA!$B$2:$G$27555,2,0) -> Morales Mejía, Yair Alexander | C89: 19109 | D89: BRIGADA | E89: COP | F89: MASCULINO | G89: *029 | H89: ACTIVO
A90: 88 | B90: =VLOOKUP(C90,BASE!$B$2:$G$275548,2,0) -> Santos Avila, Marvin, Donato | C90: 1006 | D90: BRIGADIER III | E90: SUB-SEDE PALIN | F90: MASCULINO | G90: *029 | H90: ACTIVO
A91: 89 | B91: =VLOOKUP(C91,[1]NOMINA!$B$2:$G$27555,2,0) -> CUMEZ CHACACH, FREDY | C91: 5003 | D91: BRIGADIER III | E91: SUB-SEDE PALIN | F91: MASCULINO | G91: *029 | H91: ACTIVO
A92: 90 | B92: =VLOOKUP(C92,BASE!$B$2:$G$27558,2,0) -> Esquivel Herrera, Blas Roosenvelt | C92: 12010 | D92: BIII | E92: SUB-SEDE PALIN | F92: MASCULINO | G92: *011 | H92: ACTIVO
A93: 91 | B93: =VLOOKUP(C93,[1]NOMINA!$B$2:$G$27555,2,0) -> Gaitán Cruz, Juan José | C93: 16061 | D93: BI | E93: SUB-SEDE PALIN | F93: MASCULINO | G93: *029 | H93: ACTIVO
A94: 92 | B94: =VLOOKUP(C94,[1]NOMINA!$B$2:$G$27555,2,0) -> Retana Valladares, Horacio Fabricio | C94: 13036 | D94: BRIGADA | E94: SUB-SEDE PALIN | F94: MASCULINO | G94: *029 | H94: ACTIVO
A95: 93 | B95: =VLOOKUP(C95,[1]NOMINA!$B$2:$G$27555,2,0) -> Charchalac Cox, Victor Raul | C95: 14008 | D95: BRIGADA | E95: SUB-SEDE PALIN | F95: MASCULINO | G95: *029 | H95: ACTIVO
A96: 94 | B96: =VLOOKUP(C96,[1]NOMINA!$B$2:$G$27555,2,0) -> Alonzo Morales, Victor Manuel | C96: 15002 | D96: BRIGADA | E96: SUB-SEDE PALIN | F96: MASCULINO | G96: *029 | H96: ACTIVO
A97: 95 | B97: =VLOOKUP(C97,[1]NOMINA!$B$2:$G$27555,2,0) -> González García, Brayan Josué | C97: 15056 | D97: BRIGADA | E97: SUB-SEDE PALIN | F97: MASCULINO | G97: *029 | H97: ACTIVO
A98: 96 | B98: =VLOOKUP(C98,[1]NOMINA!$B$2:$G$27555,2,0) -> Santacruz Salazar, Ludbin Obel | C98: 15128 | D98: BRIGADA | E98: SUB-SEDE PALIN | F98: MASCULINO | G98: *029 | H98: ACTIVO
A99: 97 | B99: =VLOOKUP(C99,[1]NOMINA!$B$2:$G$27555,2,0) -> De La Rosa Monterroso, Manuel De Jesús | C99: 16042 | D99: BRIGADA | E99: SUB-SEDE PALIN | F99: MASCULINO | G99: *029 | H99: ACTIVO
A100: 98 | B100: =VLOOKUP(C100,[1]NOMINA!$B$2:$G$27555,2,0) -> González Ríos, Walfred David Alexander | C100: 16070 | D100: BRIGADA | E100: SUB-SEDE PALIN | F100: MASCULINO | G100: *029 | H100: ACTIVO
A101: 99 | B101: =VLOOKUP(C101,BASE!$B$2:$G$27558,2,0) -> Martínez Arévalo, Noé De Jesús | C101: 16097 | D101: BRIGADA | E101: SUB-SEDE PALIN | F101: MASCULINO | G101: *029 | H101: ACTIVO
A102: 100 | B102: =VLOOKUP(C102,[1]NOMINA!$B$2:$G$27555,2,0) -> De Leon Alvarado Cesar Alejandro | C102: 18019 | D102: BRIGADA | E102: SUB-SEDE PALIN | F102: MASCULINO | G102: *029 | H102: ACTIVO
A103: 101 | B103: =VLOOKUP(C103,[1]NOMINA!$B$2:$G$27555,2,0) -> Díaz Chan, Josue David | C103: 18021 | D103: BRIGADA | E103: SUB-SEDE PALIN | F103: MASCULINO | G103: *029 | H103: ACTIVO
A104: 102 | B104: =VLOOKUP(C104,[1]NOMINA!$B$2:$G$27555,2,0) -> Florián Vásquez, José Manuel | C104: 19046 | D104: BRIGADA | E104: SUB-SEDE PALIN | F104: MASCULINO | G104: *029 | H104: ACTIVO
A105: 103 | B105: =VLOOKUP(C105,[1]NOMINA!$B$2:$G$27555,2,0) -> Pérez Arias, Axel René | C105: 19118 | D105: BRIGADA | E105: SUB-SEDE PALIN | F105: MASCULINO | G105: *029 | H105: ACTIVO
A106: 104 | B106: =VLOOKUP(C106,[1]NOMINA!$B$2:$G$27555,2,0) -> Pop Xé, Maurilio | C106: 19126 | D106: BRIGADA | E106: SUB-SEDE PALIN | F106: MASCULINO | G106: *029 | H106: ACTIVO
A107: 105 | B107: =VLOOKUP(C107,[1]NOMINA!$B$2:$G$27555,2,0) -> Retana Cardona, Jhonatan Guillermo | C107: 19135 | D107: BRIGADA | E107: SUB-SEDE PALIN | F107: MASCULINO | G107: *029 | H107: ACTIVO
A108: 106 | B108: =VLOOKUP(C108,[1]NOMINA!$B$2:$G$27555,2,0) -> Reyes Ortiz, Victor Daniel | C108: 19138 | D108: BRIGADA | E108: SUB-SEDE PALIN | F108: MASCULINO | G108: *029 | H108: ACTIVO
A109: 107 | B109: =VLOOKUP(C109,[1]NOMINA!$B$2:$G$27555,2,0) -> Vásquez Domínguez, Omer Naias | C109: 19161 | D109: BRIGADA | E109: SUB-SEDE PALIN | F109: MASCULINO | G109: *029 | H109: ACTIVO
A110: 108 | B110: =VLOOKUP(C110,BASE!$B$2:$G$275548,2,0) -> SANTIZO PÉREZ, JUAN ANTONIO | C110: 8044 | D110: BRIGADIER III | E110: SAN CRISTOBAL AC. | F110: MASCULINO | G110: *029 | H110: ACTIVO
A111: 109 | B111: =VLOOKUP(C111,BASE!$B$2:$G$275548,2,0) -> REYES SACUL CUPERTINO | C111: 5041 | D111: BIII | E111: SAN CRISTOBAL AC. | F111: MASCULINO | G111: *011 | H111: ACTIVO
A112: 110 | B112: =VLOOKUP(C112,[1]NOMINA!$B$2:$G$27555,2,0) -> Guzmán Lemus, Erick Randolfo | C112: 15061 | D112: BRIGADA | E112: SAN CRISTOBAL AC. | F112: MASCULINO | G112: *029 | H112: ACTIVO
A113: 111 | B113: =VLOOKUP(C113,[1]NOMINA!$B$2:$G$27555,2,0) -> Escobar García, Kevin Alfredo | C113: 16052 | D113: BRIGADA | E113: SAN CRISTOBAL AC. | F113: MASCULINO | G113: *029 | H113: ACTIVO
A114: 112 | B114: =VLOOKUP(C114,[1]NOMINA!$B$2:$G$27555,2,0) -> Orellana Estrada, Jesús Emilio | C114: 16113 | D114: BRIGADA | E114: SAN CRISTOBAL AC. | F114: MASCULINO | G114: *029 | H114: ACTIVO
A115: 113 | B115: =VLOOKUP(C115,BASE!$B$2:$G$27558,2,0) -> Najarro Barillas, Elvia Dalila | C115: 17036 | D115: BRIGADA | E115: SAN CRISTOBAL AC. | F115: FEMENINO | G115: *029 | H115: ACTIVO
A116: 114 | B116: =VLOOKUP(C116,[1]NOMINA!$B$2:$G$27555,2,0) -> Caál España, Astrid Melissa | C116: 18008 | D116: BRIGADA | E116: SAN CRISTOBAL AC. | F116: FEMENINO | G116: *029 | H116: ACTIVO
A117: 115 | B117: =VLOOKUP(C117,[1]NOMINA!$B$2:$G$27555,2,0) -> Cortez Sontay, Josselyne Anabella | C117: 18016 | D117: BRIGADA | E117: SAN CRISTOBAL AC. | F117: FEMENINO | G117: *029 | H117: ACTIVO
A118: 116 | B118: =VLOOKUP(C118,[1]NOMINA!$B$2:$G$27555,2,0) -> Garcia Garcia, Walter | C118: 18025 | D118: BRIGADA | E118: SAN CRISTOBAL AC. | F118: MASCULINO | G118: *029 | H118: ACTIVO
A119: 117 | B119: =VLOOKUP(C119,[1]NOMINA!$B$2:$G$27555,2,0) -> Garrido Trabanino, Evelyn Nohelí | C119: 18026 | D119: BRIGADA | E119: SAN CRISTOBAL AC. | F119: FEMENINO | G119: *029 | H119: ACTIVO
A120: 118 | B120: =VLOOKUP(C120,[1]NOMINA!$B$2:$G$27555,2,0) -> Gudiel Gallardo Angeliz Amordi | C120: 18029 | D120: BRIGADA | E120: SAN CRISTOBAL AC | F120: FEMENINO | G120: *029 | H120: ACTIVO
...

Sheet GRUPO NO 2
A1: ESTADO DE FUERZA GRUPO NO. 2
B2: NOMBRE | C2: CHAPA | D2: RANGO | E2: SEDE/DEPTO. | F2: GENERO | G2: RENGLON | H2: ESTADO
A3: 1 | B3: =VLOOKUP(C3,BASE!$B$2:$G$275548,2,0) -> QUICHÉ VELÁSQUEZ, BARTOLO | C3: 5037 | D3: BV | E3: SEDE CENTRAL | F3: MASCULINO | G3: *011 | H3: ACTIVO
A4: 2 | B4: =VLOOKUP(C4,BASE!$B$2:$G$275548,2,0) -> ANGEL MARIO GARCIA GARCIA | C4: 1012 | D4: BV | E4: SEDE CENTRAL | F4: MASCULINO | G4: *011 | H4: ACTIVO
A5: 3 | B5: =VLOOKUP(C5,BASE!$B$2:$G$275548,2,0) -> RAMOS CINTO RODELFI ADELAIDO | C5: 10032 | D5: BRIGADIER lll | E5: SEDE CENTRAL | F5: MASCULINO | G5: *011 | H5: ACTIVO
A6: 4 | B6: =VLOOKUP(C6,BASE!$B$2:$G$275548,2,0) -> RODAS CARCAMO CESAR JOAQUIN | C6: 7045 | D6: BRIGADIER | E6: SEDE CENTRAL | F6: MASCULINO | G6: *011 | H6: ACTIVO
A7: 5 | B7: =VLOOKUP(C7,[1]NOMINA!$B$2:$G$27555,2,0) -> Perdomo Lòpez, Edgar Rolando | C7: 3025 | D7: BIII | E7: SEDE CENTRAL | F7: MASCULINO | G7: *029 | H7: ACTIVO
A8: 6 | B8: Castillo aguilar Breder Vidani | C8: 12005 | D8: BIII | E8: SEDE CENTRAL | F8: MASCULINO | G8: *029 | H8: ACTIVO
A9: 7 | B9: =VLOOKUP(C9,BASE!$B$2:$G$275548,2,0) -> NÁJERA MORALES EDVIN ANTONIO | C9: 15095 | D9: BIII | E9: SEDE CENTRAL | F9: MASCULINO | G9: *029 | H9: ACTIVO
A10: 8 | B10: =VLOOKUP(C10,BASE!$B$2:$G$275548,2,0) -> PINEDA OSORIO, BRYAN ALEXANDER | C10: 15106 | D10: BIIl | E10: SEDE CENTRAL | F10: MASCULINO | G10: *029 | H10: ACTIVO
A11: 9 | B11: =VLOOKUP(C11,BASE!$B$2:$G$275548,2,0) -> GODINEZ VELASQUEZ KEVIN | C11: 11018 | D11: BII | E11: SEDE CENTRAL | F11: MASCULINO | G11: *011 | H11: ACTIVO
A12: 10 | B12: =VLOOKUP(C12,BASE!$B$2:$G$275548,2,0) -> LEIVA RAMOS EVERTH LEMUEL | C12: 13012 | D12: Bll | E12: SEDE CENTRAL | F12: MASCULINO | G12: *029 | H12: ACTIVO
A13: 11 | B13: =VLOOKUP(C13,BASE!$B$2:$G$275548,2,0) -> Valladares González Héctor Nóel | C13: 16153 | D13: Bll | E13: SEDE CENTRAL | F13: MASCULINO | G13: *029 | H13: ACTIVO
A14: 12 | B14: =VLOOKUP(C14,BASE!$B$2:$G$275548,2,0) -> ZUÑIGA FERNÁNDEZ GERMAN DANILO | C14: 15139 | D14: Bll | E14: SEDE CENTRAL | F14: MASCULINO | G14: *029 | H14: ACTIVO
A15: 13 | B15: =VLOOKUP(C15,BASE!$B$2:$G$275548,2,0) -> Jimenez Cortez David Isaias | C15: 12014 | D15: BI | E15: SEDE CENTRAL | F15: MASCULINO | G15: *011 | H15: ACTIVO
A16: 14 | B16: =VLOOKUP(C16,BASE!$B$2:$G$275548,2,0) -> Juàrez Chen, Edwin Eduardo | C16: 13011 | D16: BI | E16: SEDE CENTRAL | F16: MASCULINO | G16: *029 | H16: ACTIVO
A17: 15 | B17: =VLOOKUP(C17,BASE!$B$2:$G$275548,2,0) -> Ortíz Catalán, Augusto | C17: 15097 | D17: BI | E17: SEDE CENTRAL | F17: MASCULINO | G17: *029 | H17: ACTIVO
A18: 16 | B18: =VLOOKUP(C18,BASE!$B$2:$G$275548,2,0) -> Palencia Morales, Anderson Brenner | C18: 15098 | D18: BI | E18: SEDE CENTRAL | F18: MASCULINO | G18: *029 | H18: ACTIVO
A19: 17 | B19: =VLOOKUP(C19,BASE!$B$2:$G$275548,2,0) -> Santos Pérez, William Michael | C19: 15129 | D19: BI | E19: SEDE CENTRAL | F19: MASCULINO | G19: *029 | H19: ACTIVO
A20: 18 | B20: =VLOOKUP(C20,BASE!$B$2:$G$275548,2,0) -> MANZANO PÉREZ JOSEPH ALEXANDER | C20: 15073 | D20: BI | E20: SEDE CENTRAL | F20: MASCULINO | G20: *029 | H20: ACTIVO
... A36: 34 | B36: =VLOOKUP(C36,BASE!$B$2:$G$275548,2,0) -> Morales Marroquin Dilan Alexis | C36: 17033 | D36: BRIGADA | E36: SEDE CENTRAL | F36: MASCULINO | G36: *029 | H36: ACTIVO
A37: 35 | B37: Gerson Augusto Morales Ochoa | C37: 17034 | D37: BRIGADA | E37: SEDE CENTRAL | F37: MASCULINO | G37: *029 | H37: ACTIVO
A38: 36 | B38: =VLOOKUP(C38,BASE!$B$2:$G$275548,2,0) -> Alberto Josué Cruz Sarceño | C38: 18018 | D38: BRIGADA | E38: SEDE CENTRAL | F38: MASCULINO | G38: *029 | H38: ACTIVO
A39: 37 | B39: =VLOOKUP(C39,BASE!$B$2:$G$275548,2,0) -> Salazar Ortíz Walter Arturo | C39: 18049 | D39: BRIGADA | E39: SEDE CENTRAL | F39: MASCULINO | G39: *029 | H39: ACTIVO
A40: 38 | B40: =VLOOKUP(C40,BASE!$B$2:$G$275548,2,0) -> Ramirez Pineda Franklin Irael | C40: 18046 | D40: BRIGADA | E40: SEDE CENTRAL | F40: MASCULINO | G40: *029 | H40: ACTIVO
A41: 39 | B41: =VLOOKUP(C41,BASE!$B$2:$G$275548,2,0) -> Reyes Ortiz Abner Antonio | C41: 18048 | D41: BRIGADA | E41: SEDE CENTRAL | F41: MASCULINO | G41: *029 | H41: ACTIVO
A42: 40 | B42: =VLOOKUP(C42,BASE!$B$2:$G$275548,2,0) -> Toto Paz Kevin Alberto | C42: 18053 | D42: BRIGADA | E42: SEDE CENTRAL | F42: MASCULINO | G42: *029 | H42: ACTIVO
A43: 41 | B43: =VLOOKUP(C43,BASE!$B$2:$G$275548,2,0) -> Albizures Ramírez Wilmer Abel | C43: 18003 | D43: BRIGADA | E43: SEDE CENTRAL | F43: MASCULINO | G43: *029 | H43: ACTIVO
A44: 42 | B44: =VLOOKUP(C44,BASE!$B$2:$G$275548,2,0) -> Escobar Peñate Rubén Alejandro | C44: 18022 | D44: BRIGADA | E44: SEDE CENTRAL | F44: MASCULINO | G44: *029 | H44: ACTIVO
A45: 43 | B45: =VLOOKUP(C45,BASE!$B$2:$G$275548,2,0) -> Crúz Méndez Cristian Alfredo | C45: 18017 | D45: BRIGADA | E45: SEDE CENTRAL | F45: MASCULINO | G45: *029 | H45: ACTIVO
A46: 44 | B46: =VLOOKUP(C46,BASE!$B$2:$G$275548,2,0) -> Sánchez Tobar Victor Francisco | C46: 19151 | D46: BRIGADA | E46: SEDE CENTRAL | F46: MASCULINO | G46: *029 | H46: ACTIVO
A47: 45 | B47: =VLOOKUP(C47,BASE!$B$2:$G$275548,2,0) -> Ronald Israel Escobar Echeverría | C47: 19042 | D47: BRIGADA | E47: SEDE CENTRAL | F47: MASCULINO | G47: *029 | H47: ACTIVO
A48: 46 | B48: =VLOOKUP(C48,BASE!$B$2:$G$275548,2,0) -> Grijalva Belloso Juan Carlos | C48: 19071 | D48: BRIGADA | E48: SEDE CENTRAL | F48: MASCULINO | G48: *029 | H48: ACTIVO
A49: 47 | B49: =VLOOKUP(C49,BASE!$B$2:$G$275548,2,0) -> Hurtado Asencio Elvidio De Jesús | C49: 19077 | D49: BRIGADA | E49: SEDE CENTRAL | F49: MASCULINO | G49: *029 | H49: ACTIVO
... A66: 64 | B66: =VLOOKUP(C66,BASE!$B$2:$G$275548,2,0) -> Miranda Méndez Mynor | C66: 19105 | D66: BRIGADA | E66: SEDE CENTRAL | F66: MASCULINO | G66: *029 | H66: ACTIVO
A67: 65 | B67: =VLOOKUP(C67,[1]NOMINA!$B$2:$G$27555,2,0) -> Barrientos Corado, Danis Estid | C67: 19013 | D67: BRIGADA | E67: SEDE CENTRAL | F67: MASCULINO | G67: *029 | H67: ACTIVO
A68: 66 | B68: =VLOOKUP(C68,BASE!$B$2:$G$275548,2,0) -> Peralta Marroquín Jasmine Saraí | C68: 19117 | D68: BRIGADA | E68: SEDE CENTRAL | F68: FEMENINO | G68: *029 | H68: ACTIVO
A69: 67 | B69: =VLOOKUP(C69,BASE!$B$2:$G$275548,2,0) -> Rivera Vásquez Beverlin Graciela | C69: 19143 | D69: BRIGADA | E69: SEDE CENTRAL | F69: FEMENINO | G69: *029 | H69: ACTIVO
A70: 68 | B70: =VLOOKUP(C70,BASE!$B$2:$G$275548,2,0) -> CRUZ VELIZ OSMAR RAMIRO | C70: 5005 | D70: BRIGADIER lll | E70: COP | F70: MASCULINO | G70: *011 | H70: ACTIVO
A71: 69 | B71: =VLOOKUP(C71,BASE!$B$2:$G$275548,2,0) -> JOR MAX RUBEN DARIO | C71: 9016 | D71: BRIGADIER | E71: COP | F71: MASCULINO | G71: *011 | H71: ACTIVO
A72: 70 | B72: =VLOOKUP(C72,BASE!$B$2:$G$275548,2,0) -> CISNEROS ESQUIVEL RICARDO WILFREDO | C72: 4009 | D72: BIII | E72: COP | F72: MASCULINO | G72: *029 | H72: ACTIVO
A73: 71 | B73: =VLOOKUP(C73,BASE!$B$2:$G$275548,2,0) -> Argueta Sandoval, Delmi Odíly | C73: 15005 | D73: BI | E73: COP | F73: FEMENINO | G73: *029 | H73: ACTIVO
A74: 72 | B74: =VLOOKUP(C74,BASE!$B$2:$G$275548,2,0) -> Yoc Elel, Edson Ernesto | C74: 15138 | D74: BI | E74: COP | F74: MASCULINO | G74: *029 | H74: ACTIVO
A75: 73 | B75: =VLOOKUP(C75,[1]NOMINA!$B$2:$G$27555,2,0) -> Mateo Lopez, Cesar Everildo | C75: 6026 | D75: BRIGADA | E75: COP | F75: MASCULINO | G75: *029 | H75: ACTIVO
A76: 74 | B76: =VLOOKUP(C76,BASE!$B$2:$G$275548,2,0) -> Estrada Morales, Carlos Leonel | C76: 15041 | D76: BRIGADA | E76: COP | F76: MASCULINO | G76: *029 | H76: ACTIVO
A77: 75 | B77: =VLOOKUP(C77,BASE!$B$2:$G$275548,2,0) -> Divas Anavisca Carla Yohana | C77: 17022 | D77: BRIGADA | E77: COP | F77: FEMENINO | G77: *029 | H77: ACTIVO
A78: 76 | B78: =VLOOKUP(C78,BASE!$B$2:$G$275548,2,0) -> Ramirez Chapas Antony Mateus | C78: 17045 | D78: BRIGADA | E78: COP | F78: MASCULINO | G78: *029 | H78: ACTIVO
A79: 77 | B79: =VLOOKUP(C79,BASE!$B$2:$G$275548,2,0) -> Velásquez Mejía Yásmin Sorana | C79: 18054 | D79: BRIGADA | E79: COP | F79: FEMENINO | G79: *029 | H79: ACTIVO
A80: 78 | B80: =VLOOKUP(C80,BASE!$B$2:$G$275548,2,0) -> López Gustavo Adolfo | C80: 19088 | D80: BRIGADA | E80: COP | F80: MASCULINO | G80: *029 | H80: ACTIVO
A81: 79 | B81: =VLOOKUP(C81,BASE!$B$2:$G$275548,2,0) -> Cardona Coronado Ronald Geremías | C81: 19020 | D81: BRIGADA | E81: COP | F81: MASCULINO | G81: *029 | H81: ACTIVO
A82: 80 | B82: =VLOOKUP(C82,BASE!$B$2:$G$275548,2,0) -> Rodríguez Orozco Yesica Fabiola | C82: 19145 | D82: BRIGADA | E82: COP | F82: FEMENINO | G82: *029 | H82: ACTIVO
A83: 81 | B83: =VLOOKUP(C83,BASE!$B$2:$G$275548,2,0) -> Osorio Machán María Yesenia | C83: 18038 | D83: BRIGADA | E83: COP | F83: FEMENINO | G83: *029 | H83: ACTIVO
A84: 82 | B84: =VLOOKUP(C84,BASE!$B$2:$G$275548,2,0) -> Madelin Ivania Revolorio Orantes | C84: 18047 | D84: BRIGADA | E84: COP | F84: FEMENINO | G84: *029 | H84: ACTIVO
A85: 83 | B85: =VLOOKUP(C85,BASE!$B$2:$G$275548,2,0) -> Agustín Diego Luis Fernando | C85: 19004 | D85: BRIGADA | E85: COP | F85: MASCULINO | G85: *029 | H85: ACTIVO
A86: 84 | B86: =VLOOKUP(C86,BASE!$B$2:$G$275548,2,0) -> De Páz Santos Breder Alexander | C86: 19038 | D86: BRIGADA | E86: COP | F86: MASCULINO | G86: *029 | H86: ACTIVO
A87: 85 | B87: =VLOOKUP(C87,BASE!$B$2:$G$275548,2,0) -> Isidro Baltazar Adolfo Angel | C87: 19080 | D87: BRIGADA | E87: COP | F87: MASCULINO | G87: *029 | H87: ACTIVO
... A124: 122 | B124: =VLOOKUP(C124,BASE!$B$2:$G$275548,2,0) -> MAZARIEGOS RODRÍGUEZ, JULIO ORLANDO | C124: 1032 | D124: BDIER lll | E124: MAZATENANGO | F124: MASCULINO | G124: *011 | H124: ACTIVO
A125: 123 | B125: =VLOOKUP(C125,[1]NOMINA!$B$2:$G$27555,2,0) -> Ramirez Toc, Jorge Mario | C125: 3032 | D125: BRIGADIER | E125: MAZATENANGO | F125: MASCULINO | G125: *011 | H125: ACTIVO
A126: 124 | B126: =VLOOKUP(C126,[1]NOMINA!$B$2:$G$27555,2,0) -> Carrillo Hernàndez, Juan Alberto | C126: 7006 | D126: BII | E126: MAZATENANGO | F126: MASCULINO | G126: *011 | H126: ACTIVO
A127: 125 | B127: =VLOOKUP(C127,BASE!$B$2:$G$275548,2,0) -> Morales Ochoa Selvin Vinicio | C127: 16106 | D127: Bl | E127: MAZATENANGO | F127: MASCULINO | G127: *029 | H127: ACTIVO
A128: 126 | B128: =VLOOKUP(C128,BASE!$B$2:$G$275548,2,0) -> Campos Cermeño César Eduardo | C128: 17016 | D128: BRIGADA | E128: MAZATENANGO | F128: MASCULINO | G128: *029 | H128: ACTIVO
A129: 127 | B129: =VLOOKUP(C129,[1]NOMINA!$B$2:$G$27555,2,0) -> De Paz Nicolás, Juan Alberto | C129: 19037 | D129: BRIGADA | E129: MAZATENANGO | F129: MASCULINO | G129: *029 | H129: ACTIVO
A130: 128 | B130: Marcela Judith Cotto Sanchez | C130: 19034 | D130: BRIGADA | E130: MAZATENANGO | F130: FEMENINO | G130: *029 | H130: ACTIVO
A131: 129 | B131: =VLOOKUP(C131,BASE!$B$2:$G$275548,2,0) -> Pablo Tomás Gricelda Micaela | C131: 19115 | D131: BRIGADA | E131: MAZATENANGO | F131: FEMENINO | G131: *029 | H131: ACTIVO
A132: 130 | B132: =VLOOKUP(C132,BASE!$B$2:$G$275548,2,0) -> Salanic Gómez Marvin Orlando | C132: 19147 | D132: BRIGADA | E132: MAZATENANGO | F132: MASCULINO | G132: *029 | H132: ACTIVO
A133: 131 | B133: =VLOOKUP(C133,BASE!$B$2:$G$275548,2,0) -> Ramos Godoy Aracely | C133: 19134 | D133: BRIGADA | E133: MAZATENANGO | F133: FEMENINO | G133: *029 | H133: ACTIVO
A134: 132 | B134: =VLOOKUP(C134,BASE!$B$2:$G$275548,2,0) -> Garza Flores William Armando | C134: 19062 | D134: BRIGADA | E134: MAZATENANGO | F134: MASCULINO | G134: *029 | H134: ACTIVO
A135: 133 | B135: =VLOOKUP(C135,BASE!$B$2:$G$275548,2,0) -> Osbin Audiel Veliz Ramírez | C135: 19168 | D135: BRIGADA | E135: MAZATENANGO | F135: MASCULINO | G135: *029 | H135: ACTIVO
A136: 134 | B136: =VLOOKUP(C136,BASE!$B$2:$G$275548,2,0) -> DIAZ DE LEON GUSTAVO ADOLFO | C136: 7012 | D136: BRIGADIER | E136: QUETZALTENANGO | F136: MASCULINO | G136: *011 | H136: ACTIVO
A137: 135 | B137: =VLOOKUP(C137,BASE!$B$2:$G$275548,2,0) -> Toj Lopez, William Edilser | C137: 12031 | D137: BI | E137: QUETZALTENANGO | F137: MASCULINO | G137: *011 | H137: ACTIVO
A138: 136 | B138: =VLOOKUP(C138,BASE!$B$2:$G$275548,2,0) -> García García, Pedro César | C138: 15047 | D138: BRIGADA | E138: QUETZALTENANGO | F138: MASCULINO | G138: *029 | H138: ACTIVO
A139: 137 | B139: =VLOOKUP(C139,BASE!$B$2:$G$275548,2,0) -> Cano Serrano, Gervin Geovany | C139: 16017 | D139: BRIGADA | E139: QUETZALTENANGO | F139: MASCULINO | G139: *029 | H139: ACTIVO
A140: 138 | B140: =VLOOKUP(C140,BASE!$B$2:$G$275548,2,0) -> López Morales, Mario Samuel | C140: 16092 | D140: BRIGADA | E140: QUETZALTENANGO | F140: MASCULINO | G140: *029 | H140: ACTIVO
A141: 139 | B141: =VLOOKUP(C141,BASE!$B$2:$G$275548,2,0) -> Orozco Témaj Byron Armando | C141: 16114 | D141: BRIGADA | E141: QUETZALTENANGO | F141: MASCULINO | G141: *029 | H141: ACTIVO
A142: 140 | B142: =VLOOKUP(C142,BASE!$B$2:$G$275548,2,0) -> Estrada Corominal Walter Isaias | C142: 18023 | D142: BRIGADA | E142: QUETZALTENANGO | F142: MASCULINO | G142: *029 | H142: ACTIVO
... A148: 146 | B148: =VLOOKUP(C148,BASE!$B$2:$G$275548,2,0) -> Tomás Cardona Fredy Ovando | C148: 19157 | D148: BRIGADA | E148: QUETZALTENANGO | F148: MASCULINO | G148: *029 | H148: ACTIVO
A149: 147 | B149: =VLOOKUP(C149,[1]NOMINA!$B$2:$G$27555,2,0) -> Torres Perez, Denis Bernardo | C149: 6033 | D149: BRIGADIER III | E149: MORALES IZABAL | F149: MASCULINO | G149: *029 | H149: ACTIVO
A150: 148 | B150: =VLOOKUP(C150,BASE!$B$2:$G$275548,2,0) -> PACHECO ESCOBAR VILMA YANETH | C150: 8031 | D150: Bll | E150: MORALES IZABAL | F150: FEMENINO | G150: *029 | H150: ACTIVO
A151: 149 | B151: =VLOOKUP(C151,BASE!$B$2:$G$275548,2,0) -> Vivas Nimacachi David Amilcar | C151: 16156 | D151: BII | E151: MORALES IZABAL | F151: MASCULINO | G151: *029 | H151: ACTIVO
A152: 150 | B152: =VLOOKUP(C152,BASE!$B$2:$G$275548,2,0) -> Miranda Melgar Edson Ariel | C152: 16103 | D152: BRIGADA | E152: MORALES IZABAL | F152: MASCULINO | G152: *029 | H152: ACTIVO
A153: 151 | B153: =VLOOKUP(C153,BASE!$B$2:$G$275548,2,0) -> Ortiz Estrada Karla Edith | C153: 17038 | D153: BRIGADA | E153: MORALES IZABAL | F153: FEMENINO | G153: *029 | H153: ACTIVO
A154: 152 | B154: =VLOOKUP(C154,BASE!$B$2:$G$275548,2,0) -> Hernández De León Maria Fernanda De Aquino | C154: 19074 | D154: BRIGADA | E154: MORALES IZABAL | F154: FEMENINO | G154: *029 | H154: ACTIVO
A155: 153 | B155: =VLOOKUP(C155,BASE!$B$2:$G$275548,2,0) -> García Hernández Luciano | C155: 19057 | D155: BRIGADA | E155: MORALES IZABAL | F155: MASCULINO | G155: *029 | H155: ACTIVO
A156: 154 | B156: =VLOOKUP(C156,BASE!$B$2:$G$275548,2,0) -> Esquivel Ramírez Medary | C156: 19043 | D156: BRIGADA | E156: MORALES IZABAL | F156: FEMENINO | G156: *029 | H156: ACTIVO
A157: 155 | B157: =VLOOKUP(C157,BASE!$B$2:$G$275548,2,0) -> Cal Xona Liliana Beverly | C157: 19017 | D157: BRIGADA | E157: MORALES IZABAL | F157: FEMENINO | G157: *029 | H157: ACTIVO
A158: 156 | B158: =VLOOKUP(C158,BASE!$B$2:$G$275548,2,0) -> Quiñonez Hernández Rudimán Omar | C158: 19127 | D158: BRIGADA | E158: MORALES IZABAL | F158: MASCULINO | G158: *029 | H158: ACTIVO
A159: 157 | B159: =VLOOKUP(C159,BASE!$B$2:$G$275548,2,0) -> Pérez Crúz César Adonay | C159: 19120 | D159: BRIGADA | E159: MORALES IZABAL | F159: MASCULINO | G159: *029 | H159: ACTIVO
A160: 158 | B160: =VLOOKUP(C160,BASE!$B$2:$G$275548,2,0) -> Godoy López Wilson | C160: 19064 | D160: BRIGADA | E160: MORALES IZABAL | F160: MASCULINO | G160: *029 | H160: ACTIVO
A161: 159 | B161: =VLOOKUP(C161,BASE!$B$2:$G$275548,2,0) -> López Muñoz Augusto César | C161: 19093 | D161: BRIGADA | E161: MORALES IZABAL | F161: MASCULINO | G161: *029 | H161: ACTIVO
A162: 160 | B162: =VLOOKUP(C162,BASE!$B$2:$G$275548,2,0) -> CALDERON RODRIGUEZ GERSON NOE | C162: 10005 | D162: BRIGADIER | E162: RIO DULCE | F162: MASCULINO | G162: *011 | H162: ACTIVO
A163: 161 | B163: RIVAS DIAZ KENNEDY JOSUÉ | C163: 8043 | D163: BIII | E163: RIO DULCE | F163: MASCULINO | G163: *029 | H163: ACTIVO
A164: 162 | B164: =VLOOKUP(C164,BASE!$B$2:$G$275548,2,0) -> Landaverde Rodriguez Byron Fernando | C164: 15066 | D164: BRIGADA | E164: RIO DULCE | F164: MASCULINO | G164: *029 | H164: ACTIVO
A165: 163 | B165: =VLOOKUP(C165,BASE!$B$2:$G$275548,2,0) -> Escobar Cermeño, Marvin Geovani | C165: 16050 | D165: BRIGADA | E165: RIO DULCE | F165: MASCULINO | G165: *029 | H165: ACTIVO
A166: 164 | B166: =VLOOKUP(C166,BASE!$B$2:$G$275548,2,0) -> Flores Vargas Douglas Waldermar | C166: 17023 | D166: BRIGADA | E166: RIO DULCE | F166: MASCULINO | G166: *029 | H166: ACTIVO
A167: 165 | B167: =VLOOKUP(C167,BASE!$B$2:$G$275548,2,0) -> Castellanos Perez Yeferson Gerber H. | C167: 18011 | D167: BRIGADA | E167: RIO DULCE | F167: MASCULINO | G167: *029 | H167: ACTIVO
A168: 166 | B168: =VLOOKUP(C168,BASE!$B$2:$G$275548,2,0) -> Morales Rivas Cristian Francisco | C168: 18036 | D168: BRIGADA | E168: RIO DULCE | F168: MASCULINO | G168: *029 | H168: ACTIVO
A169: 167 | B169: =VLOOKUP(C169,BASE!$B$2:$G$275548,2,0) -> Mayorga Pérez Remy Angel Arturo | C169: 19102 | D169: BRIGADA | E169: RIO DULCE | F169: MASCULINO | G169: *029 | H169: ACTIVO
A170: 168 | B170: =VLOOKUP(C170,BASE!$B$2:$G$275548,2,0) -> Marroquín Argueta Edwin Humberto | C170: 19098 | D170: BRIGADA | E170: RIO DULCE | F170: MASCULINO | G170: *029 | H170: ACTIVO
A171: 169 | B171: =VLOOKUP(C171,BASE!$B$2:$G$275548,2,0) -> Lémus Ramirez Wilmer Samuel | C171: 19085 | D171: BRIGADA | E171: RIO DULCE | F171: MASCULINO | G171: *029 | H171: ACTIVO
A172: 170 | B172: =VLOOKUP(C172,BASE!$B$2:$G$275548,2,0) -> CIFUENTES CU JOSE LUIS | C172: 5006 | D172: BRIGADIER III | E172: POPTUN PETEN | F172: MASCULINO | G172: *029 | H172: ACTIVO
...
